Collection Date,CBASS Run,CBASS Date,Nursery,rackColor,position,positionNumber,genetNumber,cbassNotes,bagNumber,registryNumber,Genet,Origin,Region,Species,Collection Site,Latitude,Longitude,Depth,collectionDate,KB Nursery Tag,ExtraNotes,Treatment,fragNotes,shNotes,Ghnotes,flashNotes,Local Sample Name,Accession #,Sample Type,Genus,crfSpecies,crf Collection Date,Country,crfRegion,Subregion,Reef Name,Site Name,crfLatitude,crfLongitude,Organization,Submitter,Notes,,nurseryName,alternateName
6/8/22,1,6/8/22,UM,Double Pink,topLeft,1,1,,20,,Brewster-Y94,Brewster,Upper Keys,Acropora palmata,,,,,,,,Normal,,,GH  Sampled from 33,,,,,,,,,,,,,,,,,,,Brewster-Y94,
6/8/22,1,6/8/22,UM,Double Pink,topCenter,2,2,,17,Apal-32,CN2,CRF,Upper Keys,Acropora palmata,Conch Reef,24.9597667,-80.4561,10,2012-09-08,Y47,Transferred from CRF Nursery to Reef Renewal. Alter Apal-32,Normal,,,GH  Sampled from 33,,,,,,,,,,,,,,,,,,,Apal-CN2,Apal-32
6/8/22,1,6/8/22,UM,Double Pink,topRight,3,3,,16,,Key Largo-G28,Key Largo,Upper Keys,Acropora palmata,,,,,,,,Normal,,,GH  Sampled from 33,,,,,,,,,,,,,,,,,,,Key Largo-G28,
6/8/22,1,6/8/22,UM,Double Pink,centerLeft,4,4,,12,,Brewster-Y99,Brewster,Upper Keys,Acropora palmata,,,,,,,,Normal,,,GH  Sampled from 33,,,,,,,,,,,,,,,,,,,Brewster-Y99,
6/8/22,1,6/8/22,UM,Double Pink,centerRight,5,5,,15,,Brewster-Y92,Brewster,Upper Keys,Acropora palmata,,,,,,,,Normal,,,GH  Sampled from 33,,,,,,,,,,,,,,,,,,,Brewster-Y92,
6/8/22,1,6/8/22,UM,Double Pink,bottomLeft,6,6,,11,AMAP5,Blue,BNP,"Upper Keys, Amanda's Reef",Acropora palmata,,25.35265,-80.17843,,,5 fragments collected  (4 smaller frags to Lirman Lab),,Normal,,,GH  Sampled from 33,,,,,,,,,,,,,,,,,,,Apal-Blue,
6/8/22,1,6/8/22,UM,Double Pink,bottomCenter,7,7,,13,AMAP1,Green,BNP,"Upper Keys, Amanda's Reef",Acropora palmata,,25.35233,-80.17857,,,3 fragments collected (2 smaller frags to Lirman Lab),,Normal,,,GH  Sampled from 33,,,,,,,,,,,,,,,,,,,Apal-Green,
6/8/22,1,6/8/22,UM,Double Pink,bottomRight,8,8,,19,,Brewster-Y97,Brewster,Upper Keys,Acropora palmata,,,,,,,,Normal,,,GH  Sampled from 33,,,,,,,,,,,,,,,,,,,Brewster-Y97,
6/8/22,1,6/8/22,UM,Orange,topLeft,1,9,,14,,Brewster-Y93,Brewster,Upper Keys,Acropora palmata,,,,,,,,Normal,,,GH  Sampled from 33,flashFreeze,,,,,,,,,,,,,,,,,,Brewster-Y93,
6/8/22,1,6/8/22,UM,Orange,topCenter,2,10,,42,Apal-65,CF7,RRT,Upper Keys,Acropora palmata,Carysfort Reef,25.2241833,-80.2107167,5,2019-10-22,Y46,Transferred from FWC Nursery (CRF corals),Normal,,,GH  Sampled from 33,flashFreeze,,,,,,,,,,,,,,,,,,Apal-CF7,Apal-65
6/8/22,1,6/8/22,UM,Orange,topRight,3,11,,58,Apal-66,HS1,RRT,Upper Keys,Acropora palmata,Horseshoe Reef,25.13995,-80.2945833,8,2009-06-26,Y50,Transferred from CRF Nursery to Reef Renewal,Normal,,,GH  Sampled from 33,flashFreeze,,,,,,,,,,,,,,,,,,Apal-HS1,Apal-66
6/8/22,1,6/8/22,UM,Orange,centerLeft,4,12,,55,,Apal-21,RRT,Lower Keys,Acropora palmata,Looe Key,24.5460667,-81.40575,12,2019-05-23,Y55,,Normal,,,GH  Sampled from 33,flashFreeze,,,,,,,,,,,,,,,,,,Apal-21,
6/8/22,1,6/8/22,UM,Orange,centerRight,5,13,,56,,Apal-25,RRT,Lower Keys,Acropora palmata,Looe Key,24.5451833,-81.4089,10,2019-05-22,Y53,,Normal,,,GH  Sampled from 33,flashFreeze,,,,,,,,,,,,,,,,,,Apal-25,
6/8/22,1,6/8/22,UM,Orange,bottomLeft,6,14,,59,,Apal-26,RRT,Lower Keys,Acropora palmata,Looe Key,24.5470667,-81.4079167,5,2019-05-24,Y54,,Normal,,,GH  Sampled from 33,flashFreeze,,,,,,,,,,,,,,,,,,Apal-26,
6/8/22,1,6/8/22,UM,Orange,bottomCenter,7,15,,48,,Apal-174,RRT,Middle Keys,Acropora palmata,Sombrero Reef,24.6258167,-81.1116667,16,2019-10-07,Y39,,Normal,,,GH  Sampled from 33,flashFreeze,,,,,,,,,,,,,,,,,,Apal-174,
6/8/22,1,6/8/22,UM,Orange,bottomRight,8,16,,57,,Apal-50,RRT,Upper Keys,Acropora palmata,Molasses Reef,25.00995,-80.3739167,15,2014-03-10,Y51,Transferred from CRF Nursery to Reef Renewal,Normal,,,GH  Sampled from 33,flashFreeze,Apal-050,a66f10e1-e836-d821-fe4e-2722b1c4768d,Wild Colony,Acropora,palmata,3/10/14,United States of America,Upper Keys,Not Provided,Molasses Reef,Not Provided,25.00995¡,-80.373916¡,Coral Restoration Foundation,Alex Neufeld,Old genotype: ML2,,Apal-50,ML2
6/8/22,1,6/8/22,UM,Yellow,topLeft,1,17,,47,,Apal-175,RRT,Middle Keys,Acropora palmata,Sombrero Reef,24.6258167,-81.1118833,18,2019-10-07,Y40,,Normal,,,GH  Sampled from 33,,,,,,,,,,,,,,,,,,,Apal-175,
6/8/22,1,6/8/22,UM,Yellow,topCenter,2,18,,23,,Apal-171,RRT,Middle Keys,Acropora palmata,Sombrero Reef,24.6258667,-81.1114333,15,2019-10-07,Y36,,Normal,,,GH  Sampled from 33,,,,,,,,,,,,,,,,,,,Apal-171,
6/8/22,1,6/8/22,UM,Yellow,topRight,3,19,,46,,Apal-178,RRT,Middle Keys,Acropora palmata,Sombrero Reef,24.6262,-81.1103333,6,2019-10-07,Y42,,Normal,,,GH  Sampled from 33,,,,,,,,,,,,,,,,,,,Apal-178,
6/8/22,1,6/8/22,UM,Yellow,centerLeft,4,20,,29,,Apal-140,RRT,Upper Keys,Acropora palmata,Conch,24.9610833,-80.4557167,8,2019-06-05,Y21,,Normal,,,GH  Sampled from 33,,,,,,,,,,,,,,,,,,,Apal-140,
6/8/22,1,6/8/22,UM,Yellow,centerRight,5,21,,21,,Apal-153,RRT,Upper Keys,Acropora palmata,Molasses,25.00905,-80.3762667,15,2019-06-04,Y24,,Normal,,,GH  Sampled from 33,,,,,,,,,,,,,,,,,,,Apal-153,
6/8/22,1,6/8/22,UM,Yellow,bottomLeft,6,22,,60,,Apal-71,RRT,Upper Keys,Acropora palmata,Conch Reef,24.9605667,-80.4569,5,2014-09-26,Y48,Transferred from CRF Nursery to Reef Renewal,Normal,,,GH  Sampled from 33,,Apal-071,8d41d1ec-3093-899d-a32e-4b19f18ddf56,Wild Colony,Acropora,palmata,3/20/15,United States of America,Upper Keys,Not Provided,Conch Reef,Not Provided,24.960566¡,-80.4569¡,Coral Restoration Foundation,Alex Neufeld,Old genotype: CN3,,Apal-71,CN3
6/8/22,1,6/8/22,UM,Yellow,bottomCenter,7,23,In 34 tank may have swapped with postion 8,26,,Apal-165,RRT,Upper Keys,Acropora palmata,Elbow,25.14295,-80.25835,10,2019-08-11,Y33,,Normal,,,GH  Sampled from 33,,,,,,,,,,,,,,,,,,,Apal-165,
6/8/22,1,6/8/22,UM,Yellow,bottomRight,8,24,In 34 tank may have swapped with postion 8,45,,Apal-11,RRT/CRF,Middle Keys,Acropora palmata,Sombrero,24.62655,-81.1093167,10,2016-04-14,Y43,Transferred from CRF Nursery to Reef Renewal,Normal,,,GH  Sampled from 33,,,,,,,,,,,,,,,,,,,Apal-11,
6/8/22,1,6/8/22,UM,Pink,topLeft,1,25,,44,,Apal-16,RRT/CRF,Upper Keys,Acropora palmata,Molasses Reef,25.0097833,-80.3742667,15,2015-05-07,Y44,Transferred from CRF Nursery to Reef Renewal,Normal,,,GH  Sampled from 33,flashFreeze,,,,,,,,,,,,,,,,,,Apal-16,
6/8/22,1,6/8/22,UM,Pink,topCenter,2,26,,25,,Apal-162,RRT,Upper Keys,Acropora palmata,Elbow,25.1430833,-80.2581167,10,2019-08-11,Y30,,Normal,,,GH  Sampled from 33,flashFreeze,,,,,,,,,,,,,,,,,,Apal-162,
6/8/22,1,6/8/22,UM,Pink,topRight,3,27,,49,,Apal-160,RRT,Upper Keys,Acropora palmata,Elbow,25.1424667,-80.2583833,15,2019-08-11,Y29,,Normal,,,GH  Sampled from 33,flashFreeze,,,,,,,,,,,,,,,,,,Apal-160,
6/8/22,1,6/8/22,UM,Pink,centerLeft,4,28,,50,,Apal-155,RRT,Upper Keys,Acropora palmata,Pickles,24.9854833,-80.41675,6,2019-06-04,Y26,,Normal,,,GH  Sampled from 33,flashFreeze,,,,,,,,,,,,,,,,,,Apal-155,
6/8/22,1,6/8/22,UM,Pink,centerRight,5,29,,28,,Apal-163,RRT,Upper Keys,Acropora palmata,Elbow,25.1430833,-80.2582167,10,2019-08-11,Y31,,Normal,,,GH  Sampled from 33,flashFreeze,,,,,,,,,,,,,,,,,,Apal-163,
6/8/22,1,6/8/22,UM,Pink,bottomLeft,6,30,,43,,Apal-28,RRT/CRF,Key West,Acropora palmata,Man Key,24.5159333,-81.9248333,10,2014-07-25,Y45,Transferred from CRF Nursery to Reef Renewal,Normal,,,GH  Sampled from 33,flashFreeze,,,,,,,,,,,,,,,,,,Apal-28,
6/8/22,1,6/8/22,UM,Pink,bottomCenter,7,31,,24,,Apal-172,RRT,Middle Keys,Acropora palmata,Sombrero Reef,24.6258667,-81.11155,20,2019-10-07,Y37,,Normal,,,GH  Sampled from 33,flashFreeze,,,,,,,,,,,,,,,,,,Apal-172,
6/8/22,1,6/8/22,UM,Pink,bottomRight,8,32,,41,,Apal-159,RRT,Lower Keys,Acropora palmata,Looe Key,24.5450167,-81.4092333,8,2019-07-12,Y28,,Normal,,,GH  Sampled from 33,flashFreeze,,,,,,,,,,,,,,,,,,Apal-159,
6/8/22,1,6/8/22,UM,Blue,topLeft,1,33,,27,,Apal-164,RRT,Upper Keys,Acropora palmata,Elbow,25.1429,-80.2584167,10,2019-08-11,Y32,,Normal,,,GH  Sampled from 33,,,,,,,,,,,,,,,,,,,Apal-164,
6/8/22,1,6/8/22,UM,Blue,centerLeft,4,34,,22,,Apal-154,RRT,Upper Keys,Acropora palmata,Molasses,25.0097667,-80.3748833,15,2019-06-04,Y25,,Normal,,,GH  Sampled from 33,,,,,,,,,,,,,,,,,,,Apal-154,
6/8/22,1,6/8/22,UM,Blue,bottomRight,8,35,,30,,Apal-150,RRT,Lower Keys,Acropora palmata,Looe Key,24.5450833,-81.4096167,8,2019-05-23,Y22,,Normal,,,GH  Sampled from 33,,,,,,,,,,,,,,,,,,,Apal-150,
6/13/22,2,6/14/22,RRT,Pink,topLeft,1,36,,,Apal-034,PK2,RRT,Upper Keys,Acropora palmata,Pickles Reef,24.984883¡,-80.418716¡,,2013-07-10,,,Normal,,,,flashFreeze,Apal-034,0a070e4e-b99d-8388-a4a1-cbc6289e4763,Wild Colony,Acropora,palmata,7/10/13,United States of America,Upper Keys,Not Provided,,,,,Coral Restoration Foundation,Alex Neufeld,Old genotype: PK2,,Apal-PK2,Apal-034
6/13/22,2,6/14/22,RRT,Pink,topCenter,2,37,,,,18,RRT,Key West,Acropora palmata,Sand Key, 24.453076¡,-81.875592¡,5,2021-01-26,,,Normal,,,,flashFreeze,,,,,,,,,,,,,,,,,,Apal-18,
6/13/22,2,6/14/22,RRT,Pink,topRight,3,38,,,,176,RRT,Middle Keys,Acropora palmata,Sombrero Reef,24.6256333,-81.11195,10,2019-10-07,,,Normal,,,,flashFreeze,,,,,,,,,,,,,,,,,,Apal-176,
6/13/22,2,6/14/22,RRT,Pink,centerLeft,4,39,,,,152,RRT,Upper Keys,Acropora palmata,Molasses,25.0091,-80.37665,15,2019-06-04,,,Normal,,,,flashFreeze,,,,,,,,,,,,,,,,,,Apal-152,
6/13/22,2,6/14/22,RRT,Pink,centerRight,5,40,,,Apal-061,CF4,RRT,Upper Keys,Acropora palmata,"Carysfort Reef south, north end",25.2101¡,-80.218483¡,,2014-05--31,,,Normal,,,,flashFreeze,Apal-061,5b650e46-6e06-8a99-b30e-eec0c2595284,Wild Colony,Acropora,palmata,5/31/14,United States of America,Upper Keys,Not Provided,,,,,Coral Restoration Foundation,Alex Neufeld,Old genotype: CF4,,Apal-CF4,Apal-061
6/13/22,2,6/14/22,RRT,Pink,bottomLeft,6,41,,,Apal-054,GR2,RRT,Upper Keys,Acropora palmata,Grecian Rocks,25.1081667,-80.3070833,10,2020-10-30,,,Normal,,,,flashFreeze,Apal-054,6d10deff-23b3-6d79-977d-1b4f2f1dcc2d,Wild Colony,Acropora,palmata,4/14/14,United States of America,Upper Keys,Not Provided,,,,,Coral Restoration Foundation,Alex Neufeld,Old genotype: GR2,,Apal-GR2,Apal-054
6/13/22,2,6/14/22,RRT,Pink,bottomCenter,7,42,,,Apal-038,AAA2,CRF,Upper Keys,Acropora palmata,AAA Reef,25.1641167,-80.2772667,8,2013-08-02,,,Normal,,,,flashFreeze,Apal-038,e52c2d84-cdc5-f6e3-f167-de1819e5b141,Wild Colony,Acropora,palmata,8/2/13,United States of America,Upper Keys,Not Provided,,,,,Coral Restoration Foundation,Alex Neufeld,Old genotype: AAA2,,Apal-AAA2,Apal-038
6/13/22,2,6/14/22,RRT,Pink,bottomRight,8,43,,,,158,RRT,Lower Keys,Acropora palmata,Looe Key,24.5466833,-81.40275,8,2019-07-12,,,Normal,,,,flashFreeze,,,,,,,,,,,,,,,,,,Apal-158,
6/13/22,2,6/14/22,RRT,Orange,topLeft,1,44,,,,173,RRT,Middle Keys,Acropora palmata,Sombrero Reef,24.6258833,-81.1115833,18,2019-10-07,,,Normal,,,,flashFreeze,,,,,,,,,,,,,,,,,,Apal-173,
6/13/22,2,6/14/22,RRT,Orange,topCenter,2,45,,,,CN4,CRF,Upper Keys,Acropora palmata,Conch Reef,24.9609667,-80.4562167,6,2014-09-26,,,Normal,,,,flashFreeze,,,,,,,,,,,,,,,,,,Apal-CN4,
6/13/22,2,6/14/22,RRT,Orange,topRight,3,46,,,,157,RRT,Upper Keys,Acropora palmata,"Turtle Rocks, Fed",25.2807167,-80.2088667,8,2019-06-09,,,Normal,,,,flashFreeze,,,,,,,,,,,,,,,,,,Apal-157,
6/13/22,2,6/14/22,RRT,Orange,centerLeft,4,47,,,Apal-070,Phil,RRT,Upper Keys,Acropora palmata,Between Pickles and Molasses,25.01575¡,-80.405216¡,,2015-01-07,,,Normal,,,,flashFreeze,Apal-070,7ef81188-01e8-69db-6f03-065c3218d623,Wild Colony,Acropora,palmata,1/7/15,United States of America,Upper Keys,Not Provided,,,,,Coral Restoration Foundation,Alex Neufeld,Old genotype: Phil,,Apal-Phil,Apal-070
6/13/22,2,6/14/22,RRT,Orange,centerRight,5,48,,,Apal-057,TR1,RRT,Upper Keys,Acropora palmata,"Turtle Rocks, Federal",25.2838333,-80.20725,10,2014-05-03,,Labeled as Apal 66 by Ken,Normal,,,,flashFreeze,Apal-057,877cff6a-c2ef-7501-09b7-cf7859112c4b,Wild Colony,Acropora,palmata,5/3/14,United States of America,Upper Keys,Not Provided,,,,,Coral Restoration Foundation,Alex Neufeld,Old genotype: TR1,,Apal-TR1,Apal-057
6/13/22,2,6/14/22,RRT,Orange,bottomLeft,6,49,,,,15,CRF,Middle Keys,Acropora palmata,Yellow Rocks,24.6564667,-81.0099,20,2016-04-14,,,Normal,,,,flashFreeze,,,,,,,,,,,,,,,,,,Apal-15,
6/13/22,2,6/14/22,RRT,Orange,bottomCenter,7,50,,,,151,RRT,Lower Keys,Acropora palmata,Looe Key,24.5462833,-81.40465,10,2019-05-23,,,Normal,,,,flashFreeze,,,,,,,,,,,,,,,,,,Apal-151,
6/13/22,2,6/14/22,RRT,Orange,bottomRight,8,51,,,,161,RRT,Upper Keys,Acropora palmata,Elbow,25.1426,-80.2583667,8,2019-08-11,,,Normal,,,,flashFreeze,,,,,,,,,,,,,,,,,,Apal-161,
6/13/22,2,6/14/22,RRT,Blue,topLeft,1,52,,,Apal-065,CF7,FWC,Upper Keys,Acropora palmata,Carysfort Reef,25.2241833,-80.2107167,5,2013-08-09,,,Normal,,,GH  Sampled from 33,,Apal-065,0187bd59-2c2d-ff93-1b5f-5c0ff750f08c,Wild Colony,Acropora,palmata,5/31/14,United States of America,Upper Keys,Not Provided,Carysfort Reef,Not Provided,25.224066¡,-80.210775¡,Coral Restoration Foundation,Alex Neufeld,Old genotype: CF7,,Apal-CF7,Apal-065
6/13/22,2,6/14/22,RRT,Blue,topCenter,2,53,,,,26,RRT,Lower Keys,Acropora palmata,Looe Key,24.5470667,-81.4079167,5,2019-05-24,,,Normal,,,GH  Sampled from 33,,,,,,,,,,,,,,,,,,,Apal-26,
6/13/22,2,6/14/22,RRT,Blue,topRight,3,54,,,Apal-030,CN1,CRF,Upper Keys,Acropora palmata,Conch Reef,24.9601667,-80.45695,5,2009-06-19,,,Normal,,,GH  Sampled from 33,,Apal-030,d6ba5a98-16b1-35c2-dfa3-0d42482b3ce5,Wild Colony,Acropora,palmata,6/19/09,United States of America,Upper Keys,Not Provided,Conch Reef,Not Provided,24.960166¡,-80.45695¡,Coral Restoration Foundation,Alex Neufeld,Old genotype: CN1,,Apal-CN1,Apal-030
6/13/22,2,6/14/22,RRT,Blue,centerLeft,4,55,,,,21,RRT,Lower Keys,Acropora palmata,Looe Key,24.5460667,-81.40575,12,2019-05-23,,,Normal,,,GH  Sampled from 33,,,,,,,,,,,,,,,,,,,Apal-21,
6/13/22,2,6/14/22,RRT,Blue,centerRight,5,56,,,,155,RRT,Upper Keys,Acropora palmata,Pickles,24.9854833,-80.41675,6,2019-06-04,,,Normal,,,GH  Sampled from 33,,,,,,,,,,,,,,,,,,,Apal-155,
6/13/22,2,6/14/22,RRT,Blue,bottomLeft,6,57,,,,165,RRT,Upper Keys,Acropora palmata,Elbow,25.14295,-80.25835,10,2019-08-11,,,Normal,,,GH  Sampled from 33,,,,,,,,,,,,,,,,,,,Apal-165,
6/13/22,2,6/14/22,RRT,Blue,bottomCenter,7,58,,,Apal-039,ELN1,RRT,Upper Keys,Acropora palmata,North of Elbow Reef,25.1547167,-80.2678,10,2020-12-10,,Different collection Date in registry,Normal,,,GH  Sampled from 33,,Apal-039,7f098d13-7ce7-de0c-c582-e3b3bee47014,Wild Colony,Acropora,palmata,8/8/13,United States of America,Upper Keys,Not Provided,,,,,Coral Restoration Foundation,Alex Neufeld,Old genotype: ELN1,,Apal-ELN1,Apal-039
6/13/22,2,6/14/22,RRT,Blue,bottomRight,8,59,,,,154,RRT,Upper Keys,Acropora palmata,Molasses,25.0097667,-80.3748833,15,2019-06-04,,,Normal,,,GH  Sampled from 33,,,,,,,,,,,,,,,,,,,Apal-154,
6/13/22,2,6/14/22,RRT,Double Pink,topLeft,1,60,,,Apal-32,CN2,CRF,Upper Keys,Acropora palmata,Conch Reef,24.9597667,-80.4561,10,2012-09-08,,Also Apal-72,Normal,,,,,Apal-072,fee697ee-f467-9c2c-ee48-36d94a9b6e17,Wild Colony,Acropora,palmata,3/20/15,United States of America,Upper Keys,Not Provided,,,,,Coral Restoration Foundation,Alex Neufeld,Old genotype: CN2,,Apal-CN2,Apal-072
6/13/22,2,6/14/22,RRT,Double Pink,topCenter,2,61,,,,16,CRF,Upper Keys,Acropora palmata,Molasses Reef,25.0097833,-80.3742667,15,2015-05-07,,,Normal,,,,,,,,,,,,,,,,,,,,,,Apal-16,
6/13/22,2,6/14/22,RRT,Double Pink,topRight,3,62,,,Apal-078,PK10,CRF,Upper Keys,Acropora palmata,Pickles Reef,24.9850667,-80.41705,6,2015-12-10,,,Normal,,,,,Apal-078,4d35b7fa-58bf-63cc-6ce7-84f7ae4dd78d,Wild Colony,Acropora,palmata,12/1/15,United States of America,Upper Keys,Not Provided,Pickles Reef,Not Provided,24.985066¡,-80.41705¡,Coral Restoration Foundation,Alex Neufeld,Old genotype: PK10,,Apal-PK10,Apal-078
6/13/22,2,6/14/22,RRT,Double Pink,centerLeft,4,63,,,,175,RRT,Middle Keys,Acropora palmata,Sombrero Reef,24.6258167,-81.1118833,18,2019-10-07,,,Normal,,,,,,,,,,,,,,,,,,,,,,Apal-175,
6/13/22,2,6/14/22,RRT,Double Pink,centerRight,5,64,,,,28,CRF,Key West,Acropora palmata,Man Key,24.5159333,-81.9248333,10,2014-07-25,,,Normal,,,,,,,,,,,,,,,,,,,,,,Apal-28,
6/13/22,2,6/14/22,RRT,Double Pink,bottomLeft,6,65,,,,159,RRT,Lower Keys,Acropora palmata,Looe Key,24.5450167,-81.4092333,8,2019-07-12,,,Normal,,,,,,,,,,,,,,,,,,,,,,Apal-159,
6/13/22,2,6/14/22,RRT,Double Pink,bottomCenter,7,66,,,,150,RRT,Lower Keys,Acropora palmata,Looe Key,24.5450833,-81.4096167,8,2019-05-23,,,Normal,,,,,,,,,,,,,,,,,,,,,,Apal-150,
6/13/22,2,6/14/22,RRT,Double Pink,bottomRight,8,67,,,,153,RRT,Upper Keys,Acropora palmata,Molasses,25.00905,-80.3762667,15,2019-06-04,,,Normal,,,,,,,,,,,,,,,,,,,,,,Apal-153,
6/13/22,2,6/14/22,RRT,Double Orange,topLeft,1,68,,,,166,RRT,Upper Keys,Acropora palmata,Elbow,25.14505,-80.2569333,12,2019-08-11,,,Normal,,,,,,,,,,,,,,,,,,,,,,Apal-166,
6/13/22,2,6/14/22,RRT,Double Orange,topCenter,2,69,,,,25,RRT,Lower Keys,Acropora palmata,Looe Key,24.5451833,-81.4089,10,2019-05-22,,,Normal,,,,,,,,,,,,,,,,,,,,,,Apal-25,
6/13/22,2,6/14/22,RRT,Double Orange,topRight,3,70,,,,160,RRT,Upper Keys,Acropora palmata,Elbow,25.1424667,-80.2583833,15,2019-08-11,,,Normal,,,,,,,,,,,,,,,,,,,,,,Apal-160,
6/13/22,2,6/14/22,RRT,Double Orange,centerLeft,4,71,,,,140,RRT,Upper Keys,Acropora palmata,Conch,24.9610833,-80.4557167,8,2019-06-05,,,Normal,,,,,,,,,,,,,,,,,,,,,,Apal-140,
6/13/22,2,6/14/22,RRT,Double Orange,centerRight,5,72,,,,164,RRT,Upper Keys,Acropora palmata,Elbow,25.1429,-80.2584167,10,2019-08-11,,,Normal,,,,,,,,,,,,,,,,,,,,,,Apal-164,
6/13/22,2,6/14/22,RRT,Double Orange,bottomLeft,6,73,,,,163,RRT,Upper Keys,Acropora palmata,Elbow,25.1430833,-80.2582167,10,2019-08-11,,,Normal,,,,,,,,,,,,,,,,,,,,,,Apal-163,
6/13/22,2,6/14/22,RRT,Double Orange,bottomCenter,7,74,,,,162,RRT,Upper Keys,Acropora palmata,Elbow,25.1430833,-80.2581167,10,2019-08-11,,,Normal,,,,,,,,,,,,,,,,,,,,,,Apal-162,
6/13/22,2,6/14/22,RRT,Double Orange,bottomRight,8,75,,,,172,RRT,Middle Keys,Acropora palmata,Sombrero Reef,24.6258667,-81.11155,20,2019-10-07,,,Normal,,,,,,,,,,,,,,,,,,,,,,Apal-172,
6/13/22,2,6/14/22,RRT,Yellow,topLeft,1,76,,,Apal-066,HS1,CRF,Upper Keys,Acropora palmata,Horseshoe Reef,25.13995,-80.2945833,8,2009-06-26,,,Normal,,,,,Apal-066,8ee6e526-5f9c-26b0-7875-d257a5d47bde,Wild Colony,Acropora,palmata,8/5/14,United States of America,Upper Keys,Not Provided,Horseshoe Reef Grounding Site,Not Provided,25.13995¡,-80.294583¡,Coral Restoration Foundation,Alex Neufeld,Old genotype: HS1,,Apal-HS1,Apal-066
6/13/22,2,6/14/22,RRT,Yellow,topCenter,2,77,,,,20,RRT,Lower Keys,Acropora palmata,Looe Key,24.5457167,-81.4059833,15,2019-05-23,,,Normal,,,,,,,,,,,,,,,,,,,,,,Apal-20,
6/13/22,2,6/14/22,RRT,Yellow,topRight,3,78,,,,178,RRT,Middle Keys,Acropora palmata,Sombrero Reef,24.6262,-81.1103333,6,2019-10-07,,,Normal,,,,,,,,,,,,,,,,,,,,,,Apal-178,
6/13/22,2,6/14/22,RRT,Yellow,centerLeft,4,79,,,,171,RRT,Middle Keys,Acropora palmata,Sombrero Reef,24.6258667,-81.1114333,15,2019-10-07,,,Normal,,SH might be wrong for this one,,,,,,,,,,,,,,,,,,,,Apal-171,
6/13/22,2,6/14/22,RRT,Yellow,centerRight,5,80,,,,156,RRT,Upper Keys,Acropora palmata,Pickles,24.9849167,-80.41765,6,2019-06-04,,,Normal,,36 SHIn both 80 and 81 ,,,,,,,,,,,,,,,,,,,,Apal-156,
6/13/22,2,6/14/22,RRT,Yellow,bottomLeft,6,81,,,,170,RRT,Upper Keys,Acropora palmata,North Elbow,25.1538833,-80.26785,10,2019-08-11,,,Normal,,no 36 SH sample,,,,,,,,,,,,,,,,,,,,Apal-170,
6/13/22,2,6/14/22,RRT,Yellow,bottomCenter,7,82,,,,179,RRT,Middle Keys,Acropora palmata,Sombrero Reef,24.6258667,-81.11045,18,2019-10-07,,,Normal,,,,,,,,,,,,,,,,,,,,,,Apal-179,
6/13/22,2,6/14/22,RRT,Yellow,bottomRight,8,83,,,,174,RRT,Middle Keys,Acropora palmata,Sombrero Reef,24.6258167,-81.1116667,16,2019-10-07,,,Normal,,,,,,,,,,,,,,,,,,,,,,Apal-174,
6/14/22,3,6/15/22,CRF,Double Pink,topLeft,1,84,,,Apal-50,ML2,CRF,Upper Keys,Acropora palmata,Molasses Reef,25.00995,-80.3739167,15,2014-03-10,,Labeled on nursery map as m2,Normal,,,,,,,,,,,,,,,,,,,,,,Apal-ML2,Apal-50
6/14/22,3,6/15/22,CRF,Double Pink,topCenter,2,85,,,,73,CRF,Upper Keys,Acropora palmata,Elbow Reef,25.14592¡,-80.255735¡,,2005-07-05,,,Normal,Small,,,,Apal-073,893db877-2b16-a917-46e5-91101b8d491a,Wild Colony,Apal-073,Acropora,palmata,7/5/05,United States of America,Upper Keys,Not Provided,Elbow Reef,Not Provided,25.14592¡,-80.255735¡,Coral Restoration Foundation,Alex Neufeld,Old genotype: EL01,Apal-73,EL01
6/14/22,3,6/15/22,CRF,Double Pink,topRight,3,86,,,,69,CRF,Upper Keys,Acropora palmata,Molasses Reef,25.009483¡,-80.375366¡,,2014-10-08,,,Normal,Small,,,,Apal-069,bc563971-b782-438d-9251-0bde3492cb43,Wild Colony,Apal-069,Acropora,palmata,10/8/14,United States of America,Upper Keys,Not Provided,Molasses Reef,Not Provided,25.009483¡,-80.375366¡,Coral Restoration Foundation,Alex Neufeld,Old genotype: ML16,Apal-69,ML16
6/14/22,3,6/15/22,CRF,Double Pink,centerLeft,4,87,,,,67,CRF,Upper Keys,Acropora palmata,"Pickles Reef, ball 3, slightly north and inshore",24.9853¡,-80.416316¡,,2014-09-25,,,Normal,Small,,,,Apal-067,71410051-8aac-751c-f115-f00bff404f33,Wild Colony,Apal-067,Acropora,palmata,9/25/14,United States of America,Upper Keys,Not Provided,"Pickles Reef, ball 3, slightly north and inshore",Not Provided,24.9853¡,-80.416316¡,Coral Restoration Foundation,Alex Neufeld,Old genotype: PK4,Apal-67, PK4
6/14/22,3,6/15/22,CRF,Double Pink,centerRight,5,88,,,,2,CRF,Upper Keys,Acropora palmata,U91 site north of Horseshoe Reef,25.1554¡,-80.286716¡,,2016-04-13,,,Normal,Small,,,,Apal-002,8b666e6b-2087-04aa-4200-3f43257ee59d,Wild Colony,Apal-002,Acropora,palmata,4/13/16,United States of America,Upper Keys,Not Provided,U91 site north of Horseshoe Reef,Not Provided,25.1554¡,-80.286716¡,Coral Restoration Foundation,Alex Neufeld,Old genotype: Apal2,Apal-2,pal2
6/14/22,3,6/15/22,CRF,Double Pink,bottomLeft,6,89,,,,6,CRF,Upper Keys,Acropora palmata,North Carysfort Reef,25.2204¡,-80.211416¡,,2016-04-13,,,Normal,Small,,,,Apal-006,8c76c4be-3b02-a46c-759f-ab6f4be2c42c,Wild Colony,Apal-006,Acropora,palmata,4/13/16,United States of America,Upper Keys,Not Provided,North Carysfort Reef,Not Provided,25.2204¡,-80.211416¡,Coral Restoration Foundation,Alex Neufeld,Old genotype: Apal6,Apal-6,
6/14/22,3,6/15/22,CRF,Double Pink,bottomCenter,7,90,,,,19,CRF,Lower Keys,Acropora palmata,Near SK5,24.45225¡,-81.877366¡,,2016-05-12,,,Normal,Small,,,,Apal-019,909381a4-ae8c-a2b8-d04c-600f3dc125ba,Wild Colony,Apal-019,Acropora,palmata,5/12/16,United States of America,Lower Keys,Not Provided,Near SK5,Not Provided,24.45225¡,-81.877366¡,Coral Restoration Foundation,Alex Neufeld,Old genotype: Apal19,Apal-19,
6/14/22,3,6/15/22,CRF,Double Pink,bottomRight,8,91,,,,11,CRF,Middle Keys,Acropora palmata,Sombrero,24.62655¡,-81.109316¡,,2016-04-14,,,Normal,Small,,,,Apal-011,79d5caeb-2816-b692-3066-8003512bcf36,Wild Colony,Apal-011,Acropora,palmata,4/14/16,United States of America,Middle Keys,Not Provided,Sombrero,Not Provided,24.62655¡,-81.109316¡,Coral Restoration Foundation,Alex Neufeld,Old genotype: Apal11,Apal-11,
6/14/22,3,6/15/22,CRF,Pink,topLeft,1,92,,,,39,CRF,Upper Keys,Acropora palmata,North Elbow Reef,25.154716¡,-80.2678¡,,2013-08-08,,,Normal,Small,,,Flash frozen all in 118. Original Orange rack. But SH and geno the same,Apal-039,7f098d13-7ce7-de0c-c582-e3b3bee47014,Wild Colony,Apal-039,Acropora,palmata,8/8/13,United States of America,Upper Keys,Not Provided,North Elbow Reef,Not Provided,25.154716¡,-80.2678¡,Coral Restoration Foundation,Alex Neufeld,Old genotype: ELN1,Apal-39,ELN1
6/14/22,3,6/15/22,CRF,Pink,topCenter,2,93,,,,52,CRF,Lower Keys,Acropora palmata,"Sand Island, North of ball 1",25.0183¡,-80.36805¡,,2014-03-10,,,Normal,Small,,,Flash frozen all in 119. Original Orange rack. But SH and geno the same,Apal-052,27143737-fa6e-73ce-6d16-dd944972890b,Wild Colony,Apal-052,Acropora,palmata,3/10/14,United States of America,Lower Keys,Not Provided,"Sand Island, North of ball 1",Not Provided,25.0183¡,-80.36805¡,Coral Restoration Foundation,Alex Neufeld,Old genotype: SI5,Apal-52, SI5
6/14/22,3,6/15/22,CRF,Pink,topRight,3,94,,,,35,CRF,Upper Keys,Acropora palmata,North Dry Rocks,25.129516¡,-80.2937¡,,2013-08-02,,,Normal,Small,,,Flash frozen all in 120. Original Orange rack. But SH and geno the same,Apal-035,cd1cdcf5-d3c1-8d84-aba4-a302159851fe,Wild Colony,Apal-035,Acropora,palmata,8/2/13,United States of America,Upper Keys,Not Provided,North Dry Rocks,Not Provided,25.129516¡,-80.2937¡,Coral Restoration Foundation,Alex Neufeld,Old genotype: NDR1,Apal-35,NDR1
6/14/22,3,6/15/22,CRF,Pink,centerLeft,4,95,,,,194,CRF,Upper Keys,Acropora palmata,North North Dry Rocks,25.1367¡,-80.2902¡,,2021-01-26,,,Normal,Small,,,Flash frozen all in 121. Original Orange rack. But SH and geno the same,Apal-194,3d3e6746-66db-4336-94b0-e276b7806a82,Wild Colony,Apal-194,Acropora,palmata,1/26/21,United States of America,Upper Keys,Not Provided,North North Dry Rocks,Not Provided,25.1367¡,-80.2902¡,Coral Restoration Foundation,Alex Neufeld,,Apal-194,
6/14/22,3,6/15/22,CRF,Pink,centerRight,5,96,,,,41,CRF,Upper Keys,Acropora palmata,Molasses Reef,25.009116¡,-80.375033¡,,2014-01-23,,,Normal,Small,,,Flash frozen all in 122. Original Orange rack. But SH and geno the same,Apal-041,b422a048-89dd-c226-b56f-16de1d8855ba,Wild Colony,Apal-041,Acropora,palmata,1/23/14,United States of America,Upper Keys,Not Provided,Molasses Reef,Not Provided,25.009116¡,-80.375033¡,Coral Restoration Foundation,Alex Neufeld,Old genotype: ML6,Apal-41, ML6
6/14/22,3,6/15/22,CRF,Pink,bottomLeft,6,97,,,,53,CRF,Upper Keys,Acropora palmata,"French Reef, inshore spur edges",25.03495¡,-80.3486¡,,2014-03-30,,,Normal,Small,,,Flash frozen all in 123. Original Orange rack. But SH and geno the same,Apal-053,32d8ef98-edf7-c1fc-dc08-5735fd93ea0e,Wild Colony,Apal-053,Acropora,palmata,3/30/14,United States of America,Upper Keys,Not Provided,"French Reef, inshore spur edges",Not Provided,25.03495¡,-80.3486¡,Coral Restoration Foundation,Alex Neufeld,Old genotype: FR1,Apal-53, FR1
6/14/22,3,6/15/22,CRF,Pink,bottomCenter,7,98,,,,57,CRF,Upper Keys,Acropora palmata,"Turtle Rocks, north end",25.283833¡,-80.20725¡,,2014-05-03,,,Normal,Small,,,Flash frozen all in 124. Original Orange rack. But SH and geno the same,Apal-057,877cff6a-c2ef-7501-09b7-cf7859112c4b,Wild Colony,Apal-057,Acropora,palmata,5/3/14,United States of America,Upper Keys,Not Provided,"Turtle Rocks, north end",Not Provided,25.283833¡,-80.20725¡,Coral Restoration Foundation,Alex Neufeld,Old genotype: TR1,Apal-57, TR1
6/14/22,3,6/15/22,CRF,Pink,bottomRight,8,99,,,,51,CRF,Upper Keys,Acropora palmata,Molasses Reef,25.009783¡,-80.374266¡,,2014-03-10,,,Normal,Small,,,Flash frozen all in 125. Original Orange rack. But SH and geno the same,Apal-051,5c7d7e41-afc5-db81-d3dd-5ad6a6e72bf0,Wild Colony,Apal-051,Acropora,palmata,3/10/14,United States of America,Upper Keys,Not Provided,Molasses Reef,Not Provided,25.009783¡,-80.374266¡,Coral Restoration Foundation,Alex Neufeld,Old genotype: ML3,Apal-51, ML3
6/14/22,3,6/15/22,CRF,Yellow,topLeft,1,100,,,,87,CRF,Upper Keys,Acropora palmata,Carysfort Reef,25.22288¡,-80.20953¡,,2019-01-15,,,Normal,Small. Used for Shayle Photomosaic of bleaching pattrn,,,,Apal-087,48995a69-2b83-30a8-e0b8-33065cd66188,Wild Colony,Apal-087,Acropora,palmata,1/15/19,United States of America,Upper Keys,Not Provided,Carysfort Reef,Not Provided,25.22288¡,-80.20953¡,Coral Restoration Foundation,Alex Neufeld,,Apal-87,
6/14/22,3,6/15/22,CRF,Yellow,topCenter,2,101,,,,206,CRF,Key West,Acropora palmata,Sand Key, 24.452350¡,-81.877233¡,12,2021.01.26,,,Normal,Small,,,,,,,,,,,,,,,,,,,,,Apal-206,
6/14/22,3,6/15/22,CRF,Yellow,topRight,3,102,,,,68,CRF,Upper Keys,Acropora palmata,Triple A,25.168433¡,-80.267516¡,,2014-10-02,,,Normal,Small.Some tissue loss,,,,Apal-068,acc1e138-737d-5074-d488-3a51478a65dd,Wild Colony,Apal-068,Acropora,palmata,10/2/14,United States of America,Upper Keys,Not Provided,Triple A,Not Provided,25.168433¡,-80.267516¡,Coral Restoration Foundation,Alex Neufeld,Old genotype: AAA3,Apal-68,AAA3
6/14/22,3,6/15/22,CRF,Yellow,centerLeft,4,103,,,,29,CRF,Upper Keys,Acropora palmata,North of Triple A,25.171266¡,-80.266¡,,2018-06-27,,,Normal,Small,,GH in 104,,Apal-029,1db81047-5796-869a-581f-98197a2bae0a,Wild Colony,Apal-029,Acropora,palmata,6/27/18,United States of America,Upper Keys,Not Provided,North of Triple A,Not Provided,25.171266¡,-80.266¡,Coral Restoration Foundation,Alex Neufeld,Old genotype: Apal29,Apal-29,
6/14/22,3,6/15/22,CRF,Yellow,centerRight,5,104,,,,3,CRF,Upper Keys,Acropora palmata,Elbow Reef,25.145083¡,-80.257316¡,,2016-05-12,,,Normal,Small,,GH in 103,,Apal-003,114f32d4-1608-3094-47a8-004909f0333f,Wild Colony,Apal-003,Acropora,palmata,5/12/16,United States of America,Upper Keys,Not Provided,Elbow Reef,Not Provided,25.145083¡,-80.257316¡,Coral Restoration Foundation,Alex Neufeld,Old genotype: Apal3,Apal-3,
6/14/22,3,6/15/22,CRF,Yellow,bottomLeft,6,105,,,,9,CRF,Middle Keys,Acropora palmata,Delta Shoal,24.632583¡,-81.088966¡,,2016-04-14,,,Normal,Small,,,,Apal-009,6cd29533-eeb4-468d-02df-f8c0425fcb7c,Wild Colony,Apal-009,Acropora,palmata,4/14/16,United States of America,Middle Keys,Not Provided,Delta Shoal,Not Provided,24.632583¡,-81.088966¡,Coral Restoration Foundation,Alex Neufeld,Old genotype: Apal9,Apal-9,
6/14/22,3,6/15/22,CRF,Yellow,bottomCenter,7,106,,,,24,CRF,Lower Keys,Acropora palmata,Looe Key,24.54605¡,-81.40475¡,,2016-05-12,,,Normal,Small,,,,Apal-024,8b95dc67-d018-b784-b4af-5f380b07cb00,Wild Colony,Apal-024,Acropora,palmata,5/12/16,United States of America,Lower Keys,Not Provided,Looe Key,Not Provided,24.54605¡,-81.40475¡,Coral Restoration Foundation,Alex Neufeld,Old genotype: Apal24,Apal-24,
6/14/22,3,6/15/22,CRF,Yellow,bottomRight,8,107,,,,5,CRF,Upper Keys,Acropora palmata,South Carysfort Reef,25.209¡,-80.2193¡,,2016-04-13,,,Normal,Small. Bottom and top of frag used,,,,Apal-005,8f77597f-b3f2-ace4-064d-b682c7be9e16,Wild Colony,Apal-005,Acropora,palmata,4/13/16,United States of America,Upper Keys,Not Provided,South Carysfort Reef,Not Provided,25.209¡,-80.2193¡,Coral Restoration Foundation,Alex Neufeld,Old genotype: Apal5,Apal-5,
6/14/22,3,6/15/22,Mote,Blue,topLeft,1,108,,,,134,Mote,,Acropora palmata,,,,,,,,Normal,,,,,,,,,,,,,,,,,,,,,,Apal-134,
6/14/22,3,6/15/22,Mote,Blue,topRight,2,109,,,,8,Mote,,Acropora palmata,,,,,,,,Normal,,,,,,,,,,,,,,,,,,,,,,Apal-8,
6/14/22,3,6/15/22,Mote,Blue,center,3,110,,,,116,Mote,,Acropora palmata,,,,,,,,Normal,,,,,,,,,,,,,,,,,,,,,,Apal-116,
6/14/22,3,6/15/22,Mote,Blue,bottomLeft,4,111,,,,114,Mote,,Acropora palmata,,,,,,,,Normal,,,,,,,,,,,,,,,,,,,,,,Apal-114,
6/14/22,3,6/15/22,Mote,Blue,bottomRight,5,112,,,,136,Mote,,Acropora palmata,,,,,,,,Normal,,,,,,,,,,,,,,,,,,,,,,Apal-136,
6/14/22,3,6/15/22,Mote,Double Orange,topLeft,1,113,,,,21,Mote,,Acropora palmata,,,,,,,,Normal,,,,,,,,,,,,,,,,,,,,,,Apal-21,
6/14/22,3,6/15/22,Mote,Double Orange,topRight,2,114,,,,78,Mote,,Acropora palmata,,,,,,,,Normal,,,,,,,,,,,,,,,,,,,,,,Apal-78,
6/14/22,3,6/15/22,Mote,Double Orange,center,3,115,,,,104,Mote,,Acropora palmata,,,,,,,,Normal,,,,,,,,,,,,,,,,,,,,,,Apal-104,
6/14/22,3,6/15/22,Mote,Double Orange,bottomLeft,4,116,,,,124,Mote,,Acropora palmata,,,,,,,,Normal,,,,,,,,,,,,,,,,,,,,,,Apal-124,
6/14/22,3,6/15/22,Mote,Double Orange,bottomRight,5,117,,,,23,Mote,,Acropora palmata,,,,,,,,Normal,,,,,,,,,,,,,,,,,,,,,,Apal-23,
6/14/22,3,6/15/22,CRF,Orange,topLeft,1,118,,,,49,CRF,Upper Keys,Acropora palmata,"French Reef, south inshore area.",25.0331¡,-80.351166¡,,2014-03-10,,,Normal,,,,Flash frozen all in 92. Original Pink rack. But SH and geno the same,Apal-049,8be871fd-95d2-a4d3-000f-59c02e295e1e,Wild Colony,Apal-049,Acropora,palmata,3/10/14,United States of America,Upper Keys,Not Provided,"French Reef, south inshore area.",Not Provided,25.0331¡,-80.351166¡,Coral Restoration Foundation,Alex Neufeld,Old genotype: FR4,Apal-49, FR4
6/14/22,3,6/15/22,CRF,Orange,topCenter,2,119,,,,83,CRF,Upper Keys,Acropora palmata,Elbow Reef,25.14302¡,-80.25805¡,,2018-09-14,,,Normal,,,,Flash frozen all in 93. Original Pink rack. But SH and geno the same,Apal-083,169048c5-f67d-1565-7f6a-11a94447992f,Wild Colony,Apal-083,Acropora,palmata,9/14/18,United States of America,Upper Keys,Not Provided,Elbow Reef,Not Provided,25.14302¡,-80.25805¡,Coral Restoration Foundation,Alex Neufeld,,Apal-83,
6/14/22,3,6/15/22,CRF,Orange,topRight,3,120,,,,60,CRF,Upper Keys,Acropora palmata,"Turtle Rocks, inshore between mooring 3 and 2",25.279983¡,-80.208116¡,,2014-05-03,,,Normal,,,,Flash frozen all in 94. Original Pink rack. But SH and geno the same,Apal-060,f55a8e9d-2f6b-bfa9-e6f0-a324946d9196,Wild Colony,Apal-060,Acropora,palmata,5/3/14,United States of America,Upper Keys,Not Provided,"Turtle Rocks, inshore between mooring 3 and 2",Not Provided,25.279983¡,-80.208116¡,Coral Restoration Foundation,Alex Neufeld,Old genotype: TR5,Apal-60, TR5
6/14/22,3,6/15/22,CRF,Orange,centerLeft,4,121,,,,47,CRF,Upper Keys,Acropora palmata,"French Reef, inshore spur edges",25.034133¡,-80.3493¡,,2014-03-10,,,Normal,,,,Flash frozen all in 95. Original Pink rack. But SH and geno the same,Apal-047,d3e5f828-383e-fffd-75f4-acf8ebc34414,Wild Colony,Apal-047,Acropora,palmata,3/10/14,United States of America,Upper Keys,Not Provided,"French Reef, inshore spur edges",Not Provided,25.034133¡,-80.3493¡,Coral Restoration Foundation,Alex Neufeld,Old genotype: FR2,Apal-47, FR2
6/14/22,3,6/15/22,CRF,Orange,centerRight,5,122,,,,84,CRF,Upper Keys,Acropora palmata,Elbow Reef,25.14286¡,-80.25841¡,,2018-09-14,,,Normal,,,,Flash frozen all in 96. Original Pink rack. But SH and geno the same,Apal-084,01391e66-908a-3028-73e1-ed77c9959277,Wild Colony,Apal-084,Acropora,palmata,9/14/18,United States of America,Upper Keys,Not Provided,Elbow Reef,Not Provided,25.14286¡,-80.25841¡,Coral Restoration Foundation,Alex Neufeld,,Apal-84,
6/14/22,3,6/15/22,CRF,Orange,bottomLeft,6,123,,,,42,CRF,Lower Keys,Acropora palmata,"Sand Island, North of ball 1",25.018216¡,-80.368266¡,,2014-01-23,,,Normal,,,,Flash frozen all in 97. Original Pink rack. But SH and geno the same,Apal-042,71ddd479-1b41-0e19-c889-a312e1cdb521,Wild Colony,Apal-042,Acropora,palmata,1/23/14,United States of America,Lower Keys,Not Provided,"Sand Island, North of ball 1",Not Provided,25.018216¡,-80.368266¡,Coral Restoration Foundation,Alex Neufeld,Old genotype: SI1,Apal-42, SI1
6/14/22,3,6/15/22,CRF,Orange,bottomCenter,7,124,,,,50,CRF,Upper Keys,Acropora palmata,Molasses Reef,25.00995¡,-80.373916¡,,2014-03-10,,,Normal,,,,Flash frozen all in 98. Original Pink rack. But SH and geno the same,Apal-050,a66f10e1-e836-d821-fe4e-2722b1c4768d,Wild Colony,Apal-050,Acropora,palmata,3/10/14,United States of America,Upper Keys,Not Provided,Molasses Reef,Not Provided,25.00995¡,-80.373916¡,Coral Restoration Foundation,Alex Neufeld,Old genotype: ML2,Apal-50, ML2
6/14/22,3,6/15/22,CRF,Orange,bottomRight,8,125,,,,37,CRF,Upper Keys,Acropora palmata,Triple A,25.163716¡,-80.27745¡,,2013-08-02,,,Normal,,,,Flash frozen all in 99. Original Pink rack. But SH and geno the same,Apal-037,fcbe2556-90d4-6324-8787-189d00f1d914,Wild Colony,Apal-037,Acropora,palmata,8/2/13,United States of America,Upper Keys,Not Provided,Triple A,Not Provided,25.163716¡,-80.27745¡,Coral Restoration Foundation,Alex Neufeld,Old genotype: AAA1,Apal-37,AAA1
6/14/22,4,6/16/22,CRF,Orange,topLeft,1,126,,,,48,CRF,Upper Keys,Acropora palmata,"French Reef, inshore spur edges",25.033783¡,-80.349416¡,,2014-03-10,,,Normal,,,,flashFreeze,Apal-048,66ad72ba-28ef-1c7f-68f5-636743c7196b,Wild Colony,Apal-048,Acropora,palmata,3/10/14,United States of America,Upper Keys,Not Provided,"French Reef, inshore spur edges",Not Provided,25.033783¡,-80.349416¡,Coral Restoration Foundation,Alex Neufeld,Old genotype: FR2,Apal-48, FR2
6/14/22,4,6/16/22,CRF,Orange,topCenter,2,127,,,,86,CRF,Upper Keys,Acropora palmata,Carysfort Reef,25.223088¡,-80.20985¡,,2019-01-15,,,Normal,,,,flashFreeze,Apal-086,a4c715da-f4e1-419f-a6eb-3f7d4512ac05,Wild Colony,Apal-086,Acropora,palmata,1/15/19,United States of America,Upper Keys,Not Provided,Carysfort Reef,Not Provided,25.223088¡,-80.20985¡,Coral Restoration Foundation,Alex Neufeld,,Apal-86,
6/14/22,4,6/16/22,CRF,Orange,topRight,3,128,,,,33,CRF,Upper Keys,Acropora palmata,Elbow,25.14545¡,-80.25655¡,,2013-01-17,,,Normal,,,,flashFreeze,Apal-033,a21d8362-e324-4d4d-3edb-4f95e5c8aec7,Wild Colony,Apal-033,Acropora,palmata,1/17/13,United States of America,Upper Keys,Not Provided,Elbow,Not Provided,25.14545¡,-80.25655¡,Coral Restoration Foundation,Alex Neufeld,Old genotype: EL1,Apal-33, EL1
6/14/22,4,6/16/22,CRF,Orange,centerLeft,4,129,,,,203,RRT,Key West,Acropora palmata,Western Dry Rocks, 24.445381¡,-81.927422¡,10,2021.01.26,,,Normal,,,,flashFreeze,,,,,,,,,,,,,,,,,,Apal-203,
6/14/22,4,6/16/22,CRF,Orange,centerRight,5,130,,,,63,CRF,Upper Keys,Acropora palmata,"Carysfort Reef, shallow water of the back reef crest",25.208033¡,-80.222283¡,,2014-05-31,,,Normal,,,,flashFreeze,Apal-063,1a1f1f59-71ed-9545-94e0-a058faa73ddb,Wild Colony,Apal-063,Acropora,palmata,5/31/14,United States of America,Upper Keys,Not Provided,"Carysfort Reef, shallow water of the back reef crest",Not Provided,25.208033¡,-80.222283¡,Coral Restoration Foundation,Alex Neufeld,Old genotype: CF1,Apal-63, CF1
6/14/22,4,6/16/22,CRF,Orange,bottomLeft,6,131,,,,54,CRF,Upper Keys,Acropora palmata,Grecian Rocks,25.108183¡,-80.307083¡,,2014-04-14,,,Normal,,,,flashFreeze,Apal-054,6d10deff-23b3-6d79-977d-1b4f2f1dcc2d,Wild Colony,Apal-054,Acropora,palmata,4/14/14,United States of America,Upper Keys,Not Provided,Grecian Rocks,Not Provided,25.108183¡,-80.307083¡,Coral Restoration Foundation,Alex Neufeld,Old genotype: GR2,Apal-54, GR2
6/14/22,4,6/16/22,CRF,Orange,bottomCenter,7,132,,,,34,CRF,Upper Keys,Acropora palmata,Pickles Reef,24.984883¡,-80.418716¡,,2013-07-10,,,Normal,Small,,,flashFreeze,Apal-034,0a070e4e-b99d-8388-a4a1-cbc6289e4763,Wild Colony,Apal-034,Acropora,palmata,7/10/13,United States of America,Upper Keys,Not Provided,Pickles Reef,Not Provided,24.984883¡,-80.418716¡,Coral Restoration Foundation,Alex Neufeld,Old genotype: PK2,Apal-34, PK2
6/14/22,4,6/16/22,CRF,Orange,bottomRight,8,133,,,,90,CRF,Upper Keys,Acropora palmata,Pickles Reef,24.989466¡,-80.41775¡,,2021-01-26,,,Normal,,,,flashFreeze,Apal-090,3ec4d354-e339-6643-59df-53568af0923d,Wild Colony,Apal-090,Acropora,palmata,1/26/21,United States of America,Upper Keys,Not Provided,Pickles Reef,Not Provided,24.989466¡,-80.41775¡,Coral Restoration Foundation,Alex Neufeld,,Apal-90,
6/14/22,4,6/16/22,CRF,Pink,topLeft,1,134,,,,56,CRF,Upper Keys,Acropora palmata,Grecian Rocks,25.111866¡,-80.30335¡,,2014-04-16,,,Normal,,,,flashFreeze,Apal-056,af7e1fd9-0487-fbf2-8beb-d18266e07ee7,Wild Colony,Apal-056,Acropora,palmata,4/16/14,United States of America,Upper Keys,Not Provided,Grecian Rocks,Not Provided,25.111866¡,-80.30335¡,Coral Restoration Foundation,Alex Neufeld,Old genotype: GR3,Apal-56, GR3
6/14/22,4,6/16/22,CRF,Pink,topCenter,2,135,,,,72,CRF,Upper Keys,Acropora palmata,Conch Reef,24.960966¡,-80.456216¡,,2015-03-20,,,Normal,,,,flashFreeze,Apal-072,fee697ee-f467-9c2c-ee48-36d94a9b6e17,Wild Colony,Apal-072,Acropora,palmata,3/20/15,United States of America,Upper Keys,Not Provided,Conch Reef,Not Provided,24.960966¡,-80.456216¡,Coral Restoration Foundation,Alex Neufeld,Old genotype: CN2,Apal-72, CN2
6/14/22,4,6/16/22,CRF,Pink,topRight,3,136,,,,71,CRF,Upper Keys,Acropora palmata,Conch Reef,24.960566¡,-80.4569¡,,2015-03-20,,,Normal,,,,flashFreeze,Apal-071,8d41d1ec-3093-899d-a32e-4b19f18ddf56,Wild Colony,Apal-071,Acropora,palmata,3/20/15,United States of America,Upper Keys,Not Provided,Conch Reef,Not Provided,24.960566¡,-80.4569¡,Coral Restoration Foundation,Alex Neufeld,Old genotype: CN3,Apal-71, CN3
6/14/22,4,6/16/22,CRF,Pink,centerLeft,4,137,,,,79,CRF,Upper Keys,Acropora palmata,Pickles Reef,24.986283¡,-80.418316¡,,2015-12-10,,,Normal,,,,flashFreeze,Apal-079,d22b76b7-5249-85f7-e2bf-42cd874e0dc6,Wild Colony,Apal-079,Acropora,palmata,12/10/15,United States of America,Upper Keys,Not Provided,Pickles Reef,Not Provided,24.986283¡,-80.418316¡,Coral Restoration Foundation,Alex Neufeld,Old genotype: PK9,Apal-79, PK9
6/14/22,4,6/16/22,CRF,Pink,centerRight,5,138,,,,38,CRF,Upper Keys,Acropora palmata,Triple A,25.164116¡,-80.277266¡,,2013-08-02,,,Normal,,,,flashFreeze,Apal-038,e52c2d84-cdc5-f6e3-f167-de1819e5b141,Wild Colony,Apal-038,Acropora,palmata,8/2/13,United States of America,Upper Keys,Not Provided,Triple A,Not Provided,25.164116¡,-80.277266¡,Coral Restoration Foundation,Alex Neufeld,Old genotype: AAA2,Apal-38,AAA2
6/14/22,4,6/16/22,CRF,Pink,bottomLeft,6,139,,,,78,CRF,Upper Keys,Acropora palmata,Pickles Reef,24.985066¡,-80.41705¡,,2015-12-01,,,Normal,,,,flashFreeze,Apal-078,4d35b7fa-58bf-63cc-6ce7-84f7ae4dd78d,Wild Colony,Apal-078,Acropora,palmata,12/1/15,United States of America,Upper Keys,Not Provided,Pickles Reef,Not Provided,24.985066¡,-80.41705¡,Coral Restoration Foundation,Alex Neufeld,Old genotype: PK10,Apal-78,PK10
6/14/22,4,6/16/22,CRF,Pink,bottomCenter,7,140,,,,66,CRF,Upper Keys,Acropora palmata,Horseshoe Reef Grounding Site,25.13995¡,-80.294583¡,,2014-08-05,,,Normal,,,,flashFreeze,Apal-066,8ee6e526-5f9c-26b0-7875-d257a5d47bde,Wild Colony,Apal-066,Acropora,palmata,8/5/14,United States of America,Upper Keys,Not Provided,Horseshoe Reef Grounding Site,Not Provided,25.13995¡,-80.294583¡,Coral Restoration Foundation,Alex Neufeld,Old genotype: HS1,Apal-66, HS1
6/14/22,4,6/16/22,CRF,Pink,bottomRight,8,141,,,,77,CRF,Upper Keys,Acropora palmata,South Carysfort Reef,25.185777¡,-80.218338¡,,2015-05-01,,,Normal,,,,flashFreeze,Apal-077,479f91db-ec6c-c1ff-570d-b30382662088,Wild Colony,Apal-077,Acropora,palmata,5/1/15,United States of America,Upper Keys,Not Provided,South Carysfort Reef,Not Provided,25.185777¡,-80.218338¡,Coral Restoration Foundation,Alex Neufeld,Old genotype: CF9,Apal-77, CF9
6/14/22,4,6/16/22,CRF,Yellow,topLeft,1,142,,,,28,CRF,Lower Keys,Acropora palmata,Man Key,24.515933¡,-81.924833¡,,2014-07-25,,,Normal,One piece was no good,,,,Apal-028,261c4e70-ded7-28b8-1bfc-2040a5dcd634,Wild Colony,Apal-028,Acropora,palmata,7/25/14,United States of America,Lower Keys,Not Provided,Man Key,Not Provided,24.515933¡,-81.924833¡,Coral Restoration Foundation,Alex Neufeld,Old genotype: Apal28,Apal-28,al28
6/14/22,4,6/16/22,CRF,Yellow,topCenter,2,143,,,,21,CRF,Lower Keys,Acropora palmata,Looe Key,24.546066¡,-81.40575¡,,2016-05-12,,,Normal,not a lot of tissue,,,,Apal-021,a7d58f53-adff-fea2-192f-df325e0f5323,Wild Colony,Apal-021,Acropora,palmata,5/12/16,United States of America,Lower Keys,Not Provided,Looe Key,Not Provided,24.546066¡,-81.40575¡,Coral Restoration Foundation,Alex Neufeld,Old genotype: Apal21,Apal-21,al21
6/14/22,4,6/16/22,CRF,Yellow,topRight,3,144,,,,65,CRF,Upper Keys,Acropora palmata,Carysfort Reef,25.224066¡,-80.210775¡,,2014-05-31,,,Normal,,,,,Apal-065,0187bd59-2c2d-ff93-1b5f-5c0ff750f08c,Wild Colony,Apal-065,Acropora,palmata,5/31/14,United States of America,Upper Keys,Not Provided,Carysfort Reef,Not Provided,25.224066¡,-80.210775¡,Coral Restoration Foundation,Alex Neufeld,Old genotype: CF7,Apal-65, CF7
6/14/22,4,6/16/22,CRF,Yellow,centerLeft,4,145,,,,4,CRF,Upper Keys,Acropora palmata,Elbow,25.1475¡,-80.2549¡,,2016-04-13,,,Normal,,,,,Apal-004,34310d0a-bae8-97a0-aee1-0d3b1262edc9,Wild Colony,Apal-004,Acropora,palmata,4/13/16,United States of America,Upper Keys,Not Provided,Elbow,Not Provided,25.1475¡,-80.2549¡,Coral Restoration Foundation,Alex Neufeld,Old genotype: Apal4,Apal-4,pal4
6/14/22,4,6/16/22,CRF,Yellow,centerRight,5,146,,,,12,CRF,Middle Keys,Acropora palmata,Sombrero,24.626¡,-81.1103¡,,2016-04-14,,,Normal,,,,,Apal-012,7aefc3de-cc1f-e4af-9613-5f805c99d150,Wild Colony,Apal-012,Acropora,palmata,4/14/16,United States of America,Middle Keys,Not Provided,Sombrero,Not Provided,24.626¡,-81.1103¡,Coral Restoration Foundation,Alex Neufeld,Old genotype: Apal12,Apal-12,al12
6/14/22,4,6/16/22,CRF,Yellow,bottomLeft,6,147,,,,32,CRF,Upper Keys,Acropora palmata,Conch Reef (deeper),24.959766¡,-80.4561¡,,2012-09-08,,,Normal,,,,,Apal-032,1f33ff1f-537c-677d-96ce-07a40c45ef1a,Wild Colony,Apal-032,Acropora,palmata,9/8/12,United States of America,Upper Keys,Not Provided,Conch Reef (deeper),Not Provided,24.959766¡,-80.4561¡,Coral Restoration Foundation,Alex Neufeld,Old genotype: CN2,Apal-32, CN2
6/14/22,4,6/16/22,CRF,Yellow,bottomCenter,7,148,,,,156,CRF,Upper Keys,Acropora palmata,Pickles Reef,24.984916¡,-80.41765¡,,2021-01-26,,,Normal,,,,,Apal-156,23cf08f3-4a96-4525-3328-276146cf4b8b,Wild Colony,Apal-156,Acropora,palmata,1/26/21,United States of America,Upper Keys,Not Provided,Pickles Reef,Not Provided,24.984916¡,-80.41765¡,Coral Restoration Foundation,Alex Neufeld,,Apal-156,
6/14/22,4,6/16/22,CRF,Yellow,bottomRight,8,149,,,,1,CRF,Upper Keys,Acropora palmata,North Dry Rocks,25.1299¡,-80.293816¡,,2016-04-13,,,Normal,Small,,,,Apal-001,e2af0a94-ef9d-c796-0b35-9b17df42ca35,Wild Colony,Apal-001,Acropora,palmata,4/13/16,United States of America,Upper Keys,Not Provided,North Dry Rocks,Not Provided,25.1299¡,-80.293816¡,Coral Restoration Foundation,Alex Neufeld,Old genotype: Apal1,Apal-1,
6/14/22,4,6/16/22,CRF,Blue,topLeft,1,150,,,,20,CRF,Lower Keys,Acropora palmata,Near Looe Key,24.545716¡,-81.408983¡,,2016-05-12,,,Normal,,,,,Apal-020,832804d1-d616-3900-73b5-b848bb81544b,Wild Colony,Apal-020,Acropora,palmata,5/12/16,United States of America,Lower Keys,Not Provided,Near Looe Key,Not Provided,24.545716¡,-81.408983¡,Coral Restoration Foundation,Alex Neufeld,Old genotype: Apal20,Apal-20,
6/14/22,4,6/16/22,CRF,Blue,topCenter,2,151,,,,76,CRF,Upper Keys,Acropora palmata,South Carysfort Reef,25.185569¡,-80.21845¡,,2015-05-01,,,Normal,,,,,Apal-076,b4dcb687-2741-45c8-3182-71303ca51d6b,Wild Colony,Apal-076,Acropora,palmata,5/1/15,United States of America,Upper Keys,Not Provided,South Carysfort Reef,Not Provided,25.185569¡,-80.21845¡,Coral Restoration Foundation,Alex Neufeld,Old genotype: CF8,Apal-76, CF8
6/14/22,4,6/16/22,CRF,Blue,topRight,3,152,,,,45,CRF,Upper Keys,Acropora palmata,Elbow Reef (ball 6) along spur edges,25.143883¡,-80.25775¡,,2014-03-04,,,Normal,,,,,Apal-045,36a8c6dc-bc7c-ab0e-b9ec-f70a5543bf80,Wild Colony,Apal-045,Acropora,palmata,3/4/14,United States of America,Upper Keys,Not Provided,Elbow Reef (ball 6) along spur edges,Not Provided,25.143883¡,-80.25775¡,Coral Restoration Foundation,Alex Neufeld,Old genotype: EL8,Apal-45, EL8
6/14/22,4,6/16/22,CRF,Blue,centerLeft,4,153,,,,88,CRF,Upper Keys,Acropora palmata,Delta Shoal,24.63217¡,-81.091061¡,,2019-01-17,,,Normal,"Tissueloss, pale",,,,Apal-088,2fc92ecb-4fda-53d0-360e-d3e0d4a8c6b1,Wild Colony,Apal-088,Acropora,palmata,1/17/19,United States of America,Upper Keys,Not Provided,Delta Shoal,Not Provided,24.63217¡,-81.091061¡,Coral Restoration Foundation,Alex Neufeld,,Apal-88,
6/14/22,4,6/16/22,CRF,Blue,centerRight,5,154,,,,15,CRF,Middle Keys,Acropora palmata,Yellow Rocks,24.656466¡,-81.0099¡,,2016-04-14,,,Normal,,,,,Apal-015,38e33893-d4b2-c93c-8c51-7581499d9b01,Wild Colony,Apal-015,Acropora,palmata,4/14/16,United States of America,Middle Keys,Not Provided,Yellow Rocks,Not Provided,24.656466¡,-81.0099¡,Coral Restoration Foundation,Alex Neufeld,Old genotype: Apal15,Apal-15,
6/14/22,4,6/16/22,CRF,Blue,bottomLeft,6,155,,,,10,CRF,Upper Keys,Acropora palmata,Snapper Ledge,24.981516¡,-80.422166¡,,2009-05-06,,,Normal,,,,,Apal-010,fe244283-6d20-827b-243b-07101b9ee387,Wild Colony,Apal-010,Acropora,palmata,5/6/09,United States of America,Upper Keys,Not Provided,Snapper Ledge,Not Provided,24.981516¡,-80.422166¡,Coral Restoration Foundation,Alex Neufeld,Old genotype: SL1/SN1,Apal-10,SL1/SN1
6/14/22,4,6/16/22,CRF,Blue,bottomCenter,7,156,,,,74,CRF,Upper Keys,Acropora palmata,Elbow,25.142633¡,-80.258383¡,,2015-04-16,,,Normal,,,,,Apal-074,d22b6cf6-19b6-67dd-aa33-0d0a9175363c,Wild Colony,Apal-074,Acropora,palmata,4/16/15,United States of America,Upper Keys,Not Provided,Elbow,Not Provided,25.142633¡,-80.258383¡,Coral Restoration Foundation,Alex Neufeld,Old genotype: EL5,Apal-74, EL5
6/14/22,4,6/16/22,CRF,Blue,bottomRight,8,157,,,,202,RRT,Key West,Acropora palmata,Western Dry Rocks, 24.445330¡,-81.927261¡,5,2021.01.26,,,Normal,,,,,,,,,,,,,,,,,,,,,,Apal-202,
6/14/22,4,6/16/22,CRF,Double Pink,topLeft,1,158,,,,20,CRF,Lower Keys,Acropora palmata,Near Looe Key,24.545716¡,-81.408983¡,,2016-05-12,,,Normal,,,,,Apal-020,832804d1-d616-3900-73b5-b848bb81544b,Wild Colony,Apal-020,Acropora,palmata,5/12/16,United States of America,Lower Keys,Not Provided,Near Looe Key,Not Provided,24.545716¡,-81.408983¡,Coral Restoration Foundation,Alex Neufeld,Old genotype: Apal20,Apal-20,
6/14/22,4,6/16/22,CRF,Double Pink,topCenter,2,159,,,,14,CRF,Middle Keys,Acropora palmata,Sombrero,24.625933¡,-81.110366¡,,2016-04-14,,,Normal,Small,,,,Apal-014,e664c443-2ff3-8c40-0d23-f277b5fc029c,Wild Colony,Apal-014,Acropora,palmata,4/14/16,United States of America,Middle Keys,Not Provided,Sombrero,Not Provided,24.625933¡,-81.110366¡,Coral Restoration Foundation,Alex Neufeld,Old genotype: Apal14,Apal-14,
6/14/22,4,6/16/22,CRF,Double Pink,topRight,3,160,,,,43,CRF,Upper Keys,Acropora palmata,Elbow Reef (ball 5) along spur edges,25.142933¡,-80.258233¡,,2014-03-04,,,Normal,,,,,Apal-043,0a6ea632-d68f-9a6c-ad94-53f53a0e240f,Wild Colony,Apal-043,Acropora,palmata,3/4/14,United States of America,Upper Keys,Not Provided,Elbow Reef (ball 5) along spur edges,Not Provided,25.142933¡,-80.258233¡,Coral Restoration Foundation,Alex Neufeld,Old genotype: EL6,Apal-43, EL6
6/14/22,4,6/16/22,CRF,Double Pink,centerLeft,4,161,,,,81,CRF,Upper Keys,Acropora palmata,Near Carysfort Reef,25.186716¡,-80.242083¡,,2015-12-10,,,Normal,,,,,Apal-081,714db32f-5292-1d10-086d-1541b7fadead,Wild Colony,Apal-081,Acropora,palmata,12/10/15,United States of America,Upper Keys,Not Provided,Near Carysfort Reef,Not Provided,25.186716¡,-80.242083¡,Coral Restoration Foundation,Alex Neufeld,Old genotype: Wat2,Apal-81,Wat2
6/14/22,4,6/16/22,CRF,Double Pink,centerRight,5,162,,,,59,CRF,Upper Keys,Acropora palmata,"Turtle Rocks, inshore and north of ball 3",25.281133¡,-80.207733¡,,2014-05-03,,,Normal,,,,,Apal-059,37dde448-3d52-6d09-f878-4f96623562f6,Wild Colony,Apal-059,Acropora,palmata,5/3/14,United States of America,Upper Keys,Not Provided,"Turtle Rocks, inshore and north of ball 3",Not Provided,25.281133¡,-80.207733¡,Coral Restoration Foundation,Alex Neufeld,Old genotype: TR3,Apal-59, TR3
6/14/22,4,6/16/22,CRF,Double Pink,bottomLeft,6,163,,,,30,CRF,Upper Keys,Acropora palmata,Conch Reef,24.960166¡,-80.45695¡,,2009-06-19,,,Normal,,,,,Apal-030,d6ba5a98-16b1-35c2-dfa3-0d42482b3ce5,Wild Colony,Apal-030,Acropora,palmata,6/19/09,United States of America,Upper Keys,Not Provided,Conch Reef,Not Provided,24.960166¡,-80.45695¡,Coral Restoration Foundation,Alex Neufeld,Old genotype: CN1,Apal-30, CN1
6/14/22,4,6/16/22,CRF,Double Pink,bottomCenter,7,164,,,,18,CRF,Lower Keys,Acropora palmata,Near SK1,24.453333¡,-81.875533¡,,2016-05-12,,,Normal,,,,,Apal-018,4aed5d96-3d1c-98b9-699a-c349eb5d32fc,Wild Colony,Apal-018,Acropora,palmata,5/12/16,United States of America,Lower Keys,Not Provided,Near SK1,Not Provided,24.453333¡,-81.875533¡,Coral Restoration Foundation,Alex Neufeld,Old genotype: Apal18,Apal-18,
6/14/22,4,6/16/22,CRF,Double Pink,bottomRight,8,165,,,,23,CRF,Lower Keys,Acropora palmata,Looe Key,24.54585¡,-81.405116¡,,2016-05-12,,,Normal,,,,,Apal-023,fe06ef42-4a08-c1ca-3c04-869fb50b12d3,Wild Colony,Apal-023,Acropora,palmata,5/12/16,United States of America,Lower Keys,Not Provided,Looe Key,Not Provided,24.54585¡,-81.405116¡,Coral Restoration Foundation,Alex Neufeld,Old genotype: Apal23,Apal-23,
6/14/22,4,6/16/22,CRF,Double Orange,topLeft,1,166,,,,70,CRF,Upper Keys,Acropora palmata,Between Pickles and Molasses,25.01575¡,-80.405216¡,,2015-01-07,,,Normal,,,,,Apal-070,7ef81188-01e8-69db-6f03-065c3218d623,Wild Colony,Apal-070,Acropora,palmata,1/7/15,United States of America,Upper Keys,Not Provided,Between Pickles and Molasses,Not Provided,25.01575¡,-80.405216¡,Coral Restoration Foundation,Alex Neufeld,Old genotype: Phil,Apal-70,Phil
6/14/22,4,6/16/22,CRF,Double Orange,topCenter,2,167,,,,8,CRF,Upper Keys,Acropora palmata,Pickles Reef,24.98545¡,-80.41655¡,,2016-05-07,,,Normal,Pale,,,,Apal-008,e05fabba-2628-d226-2808-5bb2ca139201,Wild Colony,Apal-008,Acropora,palmata,5/7/16,United States of America,Upper Keys,Not Provided,Pickles Reef,Not Provided,24.98545¡,-80.41655¡,Coral Restoration Foundation,Alex Neufeld,Old genotype: Apal8,Apal-8,
6/14/22,4,6/16/22,CRF,Double Orange,topRight,3,168,,,,82,CRF,Upper Keys,Acropora palmata,Near Carysfort Reef,25.18705¡,-80.242066¡,,2015-12-10,,,Normal,,,,,Apal-082,a09a56f1-73ec-ca2b-2386-92731b39a6cc,Wild Colony,Apal-082,Acropora,palmata,12/10/15,United States of America,Upper Keys,Not Provided,Near Carysfort Reef,Not Provided,25.18705¡,-80.242066¡,Coral Restoration Foundation,Alex Neufeld,Old genotype: Wat3,Apal-82,Wat3
6/14/22,4,6/16/22,CRF,Double Orange,centerLeft,4,169,,,,17,CRF,Upper Keys,Acropora palmata,Molasses Reef,25.009633¡,-80.3744¡,,2016-05-07,,,Normal,Small,,,,Apal-017,cab9e6b4-6e67-a4ba-ea41-3ab71e0eab10,Wild Colony,Apal-017,Acropora,palmata,5/7/16,United States of America,Upper Keys,Not Provided,Molasses Reef,Not Provided,25.009633¡,-80.3744¡,Coral Restoration Foundation,Alex Neufeld,Old genotype: Apal17,Apal-17,
6/14/22,4,6/16/22,CRF,Double Orange,centerRight,5,170,,,,27,CRF,Upper Keys,Acropora palmata,Pickles Reef,24.986083¡,-80.41575¡,,2009-06-10,,,Normal,,,,,Apal-027,c207efa9-bd91-6de3-82a5-c4953c518601,Wild Colony,Apal-027,Acropora,palmata,6/10/09,United States of America,Upper Keys,Not Provided,Pickles Reef,Not Provided,24.986083¡,-80.41575¡,Coral Restoration Foundation,Alex Neufeld,Old genotype: PK1,Apal-27, PK1
6/14/22,4,6/16/22,CRF,Double Orange,bottomLeft,6,171,,,,16,CRF,Upper Keys,Acropora palmata,Molasses Reef,25.009783¡,-80.374266¡,,2016-05-07,,,Normal,,,,,Apal-016,19a2f0d5-e94a-c0bb-67e9-c26cbb05bc50,Wild Colony,Apal-016,Acropora,palmata,5/7/16,United States of America,Upper Keys,Not Provided,Molasses Reef,Not Provided,25.009783¡,-80.374266¡,Coral Restoration Foundation,Alex Neufeld,Old genotype: Apal16,Apal-16,
6/14/22,4,6/16/22,CRF,Double Orange,bottomCenter,7,172,,,,22,CRF,Upper Keys,Acropora palmata,Molasses Reef,25.010166¡,-80.373233¡,,2009-05-21,,,Normal,,,,,Apal-022,c30108c6-1bd3-0927-5d4a-2f17ee6c05ec,Wild Colony,Apal-022,Acropora,palmata,5/21/09,United States of America,Upper Keys,Not Provided,Molasses Reef,Not Provided,25.010166¡,-80.373233¡,Coral Restoration Foundation,Alex Neufeld,Old genotype: ML1,Apal-22, ML1
6/14/22,5,6/17/22,CRF,Pink,topLeft,1,173,,,,27,CRF,,Acropora cervicornis,,,,,,,,Normal,,,,flashFreeze,,,,,,,,,,,,,,,,,,Acer-27,
6/14/22,5,6/17/22,CRF,Pink,topCenter,2,174,,,,26,CRF,,Acropora cervicornis,,,,,,,,Normal,,,,flashFreeze,,,,,,,,,,,,,,,,,,Acer-26,
6/14/22,5,6/17/22,CRF,Pink,topRight,3,175,,,,61,CRF,,Acropora cervicornis,,,,,,,,Normal,,,,flashFreeze,,,,,,,,,,,,,,,,,,Acer-61,
6/14/22,5,6/17/22,CRF,Pink,centerLeft,4,176,,,,100,CRF,,Acropora cervicornis,,,,,,,,Normal,TL 3 pieces,,,flashFreeze,,,,,,,,,,,,,,,,,,Acer-100,
6/14/22,5,6/17/22,CRF,Pink,centerRight,5,177,,,,16,CRF,,Acropora cervicornis,,,,,,,,Normal,TL on 4,,,flashFreeze,,,,,,,,,,,,,,,,,,Acer-16,
6/14/22,5,6/17/22,CRF,Pink,bottomLeft,6,178,,,,44,CRF,,Acropora cervicornis,,,,,,,,Normal,Lots dead pre experiment,,,flashFreeze,,,,,,,,,,,,,,,,,,Acer-44,
6/14/22,5,6/17/22,CRF,Pink,bottomCenter,7,179,,,,107,CRF,,Acropora cervicornis,,,,,,,,Normal,TL on 2 frags. no Low light,,,flashFreeze,,,,,,,,,,,,,,,,,,Acer-107,
6/14/22,5,6/17/22,CRF,Pink,bottomRight,8,180,,,,11,CRF,,Acropora cervicornis,,,,,,,,Normal,TL on 1,,,flashFreeze,,,,,,,,,,,,,,,,,,Acer-11,
6/14/22,5,6/17/22,CRF,Double Pink,topLeft,1,173,,,,27,CRF,,Acropora cervicornis,,,,,,,,lowLight,,AcerL labels,,flashFreeze,,,,,,,,,,,,,,,,,,Acer-27,
6/14/22,5,6/17/22,CRF,Double Pink,topCenter,2,174,,,,26,CRF,,Acropora cervicornis,,,,,,,,lowLight,,AcerL labels,,flashFreeze,,,,,,,,,,,,,,,,,,Acer-26,
6/14/22,5,6/17/22,CRF,Double Pink,topRight,3,175,,,,61,CRF,,Acropora cervicornis,,,,,,,,lowLight,,AcerL labels,,flashFreeze,,,,,,,,,,,,,,,,,,Acer-61,
6/14/22,5,6/17/22,CRF,Double Pink,centerLeft,4,176,,,,100,CRF,,Acropora cervicornis,,,,,,,,lowLight,,AcerL labels,,flashFreeze,,,,,,,,,,,,,,,,,,Acer-100,
6/14/22,5,6/17/22,CRF,Double Pink,centerRight,5,177,,,,16,CRF,,Acropora cervicornis,,,,,,,,lowLight,TL on 4,AcerL labels,,flashFreeze,,,,,,,,,,,,,,,,,,Acer-16,
6/14/22,5,6/17/22,CRF,Double Pink,bottomLeft,6,178,,,,44,CRF,,Acropora cervicornis,,,,,,,,lowLight,Lots dead pre experiment,AcerL labels,,flashFreeze,,,,,,,,,,,,,,,,,,Acer-44,
6/14/22,5,6/17/22,CRF,Double Pink,bottomCenter,7,179,,,,107,CRF,,Acropora cervicornis,,,,,,,,lowLight,TL on 2 frags. no Low light,AcerL labels,,flashFreeze,,,,,,,,,,,,,,,,,,Acer-107,
6/14/22,5,6/17/22,CRF,Double Pink,bottomRight,8,180,,,,11,CRF,,Acropora cervicornis,,,,,,,,lowLight,TL on 1,AcerL labels,,flashFreeze,,,,,,,,,,,,,,,,,,Acer-11,
6/14/22,5,6/17/22,CRF,Orange,topLeft,1,181,,,,125,CRF,,Acropora cervicornis,,,,,,,,Normal,,,,flashFreeze,,,,,,,,,,,,,,,,,,Acer-125,
6/14/22,5,6/17/22,CRF,Orange,topCenter,2,182,,,,130,CRF,,Acropora cervicornis,,,,,,,,Normal,Active TL,,,flashFreeze,,,,,,,,,,,,,,,,,,Acer-130,
6/14/22,5,6/17/22,CRF,Orange,topRight,3,183,,,,129,CRF,,Acropora cervicornis,,,,,,,,Normal,TL on 2,,,,,,,,,,,,,,,,,,,,,Acer-129,
6/14/22,5,6/17/22,CRF,Orange,centerLeft,4,184,,,,124,CRF,,Acropora cervicornis,,,,,,,,Normal,TL on 2 frgs,,,,,,,,,,,,,,,,,,,,,Acer-124,
6/14/22,5,6/17/22,CRF,Orange,centerRight,5,185,,,,79,CRF,,Acropora cervicornis,,,,,,,,Normal,Used for Shayle photomosaic,,,,,,,,,,,,,,,,,,,,,Acer-79,
6/14/22,5,6/17/22,CRF,Orange,bottomLeft,6,186,,,,41,CRF,,Acropora cervicornis,,,,,,,,Normal,not in 33 and 34.5 tanks only 14 frags,,,,,,,,,,,,,,,,,,,,,Acer-41,
6/14/22,5,6/17/22,CRF,Orange,bottomCenter,7,187,,,,77,CRF,,Acropora cervicornis,,,,,,,,Normal,TL on 2 frags. no Low light,,,,,,,,,,,,,,,,,,,,,Acer-77,
6/14/22,5,6/17/22,CRF,Double Orange,topLeft,1,181,,,,125,CRF,,Acropora cervicornis,,,,,,,,lowLight,,AcerL labels,,flashFreeze,,,,,,,,,,,,,,,,,,Acer-125,
6/14/22,5,6/17/22,CRF,Double Orange,topCenter,2,182,,,,130,CRF,,Acropora cervicornis,,,,,,,,lowLight,Active TL,AcerL labels,,flashFreeze,,,,,,,,,,,,,,,,,,Acer-130,
6/14/22,5,6/17/22,CRF,Double Orange,topRight,3,183,,,,129,CRF,,Acropora cervicornis,,,,,,,,lowLight,TL on 2,AcerL labels,,,,,,,,,,,,,,,,,,,,Acer-129,
6/14/22,5,6/17/22,CRF,Double Orange,centerLeft,4,184,,,,124,CRF,,Acropora cervicornis,,,,,,,,lowLight,TL on 2 frgs,AcerL labels,,,,,,,,,,,,,,,,,,,,Acer-124,
6/14/22,5,6/17/22,CRF,Double Orange,centerRight,5,185,,,,79,CRF,,Acropora cervicornis,,,,,,,,lowLight,Used for Shayle photomosaic,AcerL labels,,,,,,,,,,,,,,,,,,,,Acer-79,
6/14/22,5,6/17/22,CRF,Double Orange,bottomLeft,6,186,,,,41,CRF,,Acropora cervicornis,,,,,,,,lowLight,not in 33 and 34.5 tanks only 14 frags,AcerL labels,,,,,,,,,,,,,,,,,,,,Acer-41,
,,,,,,,,,,,,,,,,,,,,,,,,,,,,,,,,,,,,,,,,,,,,,
,,,,,,,,,,,,,,,,,,,,,,,,,,,,,,,,,,,,,,,,,,,,,
,,,,,,,,,,,,,,,,,,,,,,,,,,,,,,,,,,,,,,,,,,,,,